ID,label
1,upstairs
2,jogging
3,downstairs
4,downstairs
5,jogging
6,jogging
7,downstairs
8,downstairs
9,jogging
10,jogging
11,jogging
12,downstairs
13,upstairs
14,jogging
15,upstairs
16,jogging
17,jogging
18,upstairs
19,upstairs
20,jogging
21,jogging
22,upstairs
23,downstairs
24,jogging
25,downstairs
26,downstairs
27,upstairs
28,upstairs
29,downstairs
30,downstairs
31,upstairs
32,upstairs
33,jogging
34,jogging
35,jogging
36,upstairs
37,upstairs
38,downstairs
39,upstairs
40,downstairs
41,jogging
42,jogging
43,downstairs
44,jogging
45,jogging
46,downstairs
47,jogging
48,downstairs
49,upstairs
50,jogging
51,downstairs
52,downstairs
53,downstairs
54,jogging
55,downstairs
56,downstairs
57,upstairs
58,downstairs
59,jogging
60,upstairs
61,upstairs
62,downstairs
63,upstairs
64,upstairs
65,upstairs
66,downstairs
67,upstairs
68,jogging
69,jogging
70,upstairs
71,downstairs
72,jogging
73,jogging
74,upstairs
75,jogging
76,downstairs
77,jogging
78,upstairs
79,upstairs
80,jogging
81,upstairs
82,upstairs
83,upstairs
84,downstairs
85,downstairs
86,jogging
87,jogging
88,upstairs
89,jogging
90,downstairs
91,jogging
92,upstairs
93,jogging
94,jogging
95,jogging
96,upstairs
97,downstairs
98,upstairs
99,downstairs
100,downstairs
